{"cameraMode":{"drawMode":0,"name":"Shaded","section":"Shading Mode"},"sceneLighting":true,"audioPlay":false,"sceneViewState":{"m_AlwaysRefresh":false,"showFog":true,"showSkybox":true,"showFlares":true,"showImageEffects":true,"showParticleSystems":true,"showVisualEffectGraphs":true,"m_FxEnabled":true},"in2DMode":false,"pivot":{"x":808.9555053710938,"y":1217.24365234375,"z":22.973388671875},"rotation":{"x":0.040488168597221377,"y":0.0059950402937829498,"z":-0.00024293243768624961,"w":0.9991621971130371},"size":1164.9129638671875,"orthographic":true}